{
  "name": "Specialized-Flashcard-Plugin",
  "author": "PearlLin",
  "url": "https://github.com/PearlLin2000/Specialized-Flashcard-Plugin",
  "version": "0.1.1",
  "minAppVersion": "3.3.0",
  "disabledInPublish": true,
  "backends": ["windows"],
  "frontends": ["desktop"],
  "displayName": {
    "en_US": "Specialized Flashcard Plugin",
    "zh_CN": "专项闪卡插件"
  },
  "description": {
    "en_US": "Click the menu to switch and select special flashcard review (SQL retrieval)",
    "zh_CN": "点击菜单，切换选择专项闪卡复习（sql检索）"
  },
  "readme": {
    "en_US": "README.md",
    "zh_CN": "README_zh_CN.md"
  },
  "funding": {
    "custom": [""]
  },
  "keywords": [""]
}
